2022-09-13,Tipp,"Hast du WÃ¼nsche fÃ¼r das neue Schuljahr? Eine Wunschliste jetzt zu erstellen, wÃ¤re gar nicht so schlecht! Am Ende des Schuljahrs kannst du mit dieser Liste checken, ob all deine WÃ¼nsche in ErfÃ¼llung gegangen sind."
2022-09-14,Zitat,"â€Wenn Sie mÃ¶chten, dass Ihre Kinder intelligent sind, lesen Sie ihnen MÃ¤rchen vor. Wenn Sie mÃ¶chten, dass sie intelligenter sind, lesen Sie ihnen mehr MÃ¤rchen vor.â€œ"
2022-09-15,Fun Fact,"Das Ã¤lteste MÃ¤rchen der Welt ist Der Schmied und der Teufel, das in den Grimmâ€™schen Kinder- und HausmÃ¤rchen nur in der Erstauflage stand. Seine Entstehung wird auf die Zeit vor 6000 Jahren datiert."
2022-09-16,Zitat,MÃ¤rchen sind fÃ¼r Jeden. - Walt Disney
2022-09-17,,
2022-09-18,,
2022-09-19,Vorschlag,"Beauty and the Beast - Ariana Grande, John Legend (2017, Soundtrack)"
2022-09-20,Vorschlag,We are Young â€“ fun. ft. Janelle MonÃ¡e
2022-09-21,Zitat,"â€Ich mÃ¶cht' die ganze Welt fÃ¼r mich erfahren, ich mÃ¶cht' viel mehr als ich jetzt fÃ¼hlen. Vielleicht wird's mir so ergehen, dass mich jemand wird verstehen. Ich mÃ¶cht' so viel mehr als schon geschehen."" - Die SchÃ¶ne und das Biest"
2022-09-22,Fun Fact,"Der Titelsong von Beauty and the Beast (1991) bekam 1992 den â€Best Original Songâ€œ Oscar. Doch das war nur ein Oscar von drei. Auch â€Belleâ€œ, das ErÃ¶ffnungslied und â€Be our Guestâ€œ waren ebenfalls nominiert. Es muss echt hart gewesen sein fÃ¼r die zwei anderen Autoren der Kategorie: â€When youâ€™re Aloneâ€œ von Hook und â€(Everything I Do) I do it for youâ€œ von Robin Hood: Prince of Thieves."
2022-09-23,Zitat,"â€Sie warnte ihn sich nicht tÃ¤uschen zu lassen, da man die SchÃ¶nheit im Verborgenen findet.â€œ - Die SchÃ¶ne und das Biest"
2022-09-24,,
2022-09-25,,
2022-09-26,Vorschlag,"Circle of Life - Carmen Twillie, Lebo M."
2022-09-27,Zitat,"â€Oh ja, die Vergangenheit kann weh tun. Aber wie ich es sehe, lÃ¤uft man entweder davon, oder man lernt davon."" - Der KÃ¶nig der LÃ¶wen"
2022-09-28,Fun Fact,"Das beliebteste MÃ¤rchen fÃ¼r MÃ¤dchen ist Aschenputtel, fÃ¼r Jungen ist HÃ¤nsel und Gretel."
2022-09-29,Zitat,"â€Du erkennst irgendwann, was uns keiner nehmen kann. Wir sind mehr als wir sind, wir sind eins."" - Der KÃ¶nig der LÃ¶wen"
2022-09-30,Vorschlag,Weâ€™re all in this together â€“ High School Musical (Soundtrack)
2022-10-01,,Diesen Monat dreht sich alles um einen kleinen Jungen mit langer Nase â€“ Pinocchio. Filmtipp: Pinocchio (2019) Eine Puppe erwacht auf wundersame Weise zum Leben und ist von nun an der Sohn des Holzschnitzers Gepetto.
2022-10-02,,   
2022-10-03,Fun Fact,Die Katze Figaro aus Pinocchio war Walt Disneys Lieblingscharakter!
2022-10-04,Witz,Bei welchem Arzt ist Pinocchio in Behandlung? Beim Holz-Nasen-Ohrenarzt.
2022-10-05,Tipp,"Stehe morgens 15 Minuten frÃ¼her auf, dann hast du einen entspannteren Start in den Tag "
2022-10-06,Witz,"Warum wÃ¤chst Donald Trumps Haar so schnell? WeiÃŸ ich auch nicht, Pinocchio hat aber dasselbe Problem mit der Nase."
2022-10-07,Quiz,"Wer hat Pinocchio geschnitzt? A Geppetto, B Gottschalk, C Gustav Antwort: A"
2022-10-08,Vorschlag,"Tassenkuchen 6 EL Mehl mit 3 EL Kakaopulver, 1/4 TL Backpulver, 2 EL Zucker und einer Prise Salz in die Tasse geben. Kurz miteinander vermischen. 6 EL Milch, 3 EL Ã–l und 1 EL NussNougat-Creme hinzugeben. Mit einer Gabel gut vermischen. Tasse fÃ¼r 2,5 min. bei ca. 600 Watt in die Mikrowelle stellen. Fertig !"
2022-10-09,,
2022-10-10,Fun Fact,"FÃ¼r den Spielfilm brauchte man mehr als 18 Monate, um das Aussehen von Pinocchio perfekt zu animieren."
2022-10-11,Witz,"Voldemort zu Pinocchio: â€Also ich muss nur lÃ¼gen, oder?â€œ"
2022-10-12,Tipp,LÃ¼ge nicht. Es wird deine Probleme nicht lÃ¶sen. 
2022-10-13,Fun Fact,Die Katze Figaro aus Pinocchio weiÃŸt CharakterzÃ¼ge eines verwÃ¶hnten Kindes auf.
2022-10-14,Tipp,"Forschungen zufolge blickt ein Mensch nach links, wenn er die Wahrheit sagt. LÃ¼gt er, bewegen sich seine Augen nach rechts."
2022-10-15,Vorschlag,"Bananenkuchen Backofen auf 200 Grad Ober-/Unterhitze vorheizen. 125g Butter, 125g Zucker und 2 Eier schaumig rÃ¼hren. 2 Bananen zerdrÃ¼cken, darunter rÃ¼hren. 175g Mehl und Â½ Pck. Backpulver vermischen und unter die Masse rÃ¼hren. Ein kleines Backblech einfetten und den Teig darauf streichen. In ca. 15 - 20 Min. goldbraun backen."
2022-10-16,,
2022-10-17,Fun Fact,Der Film Pinocchio gewann 2 Oskars.
2022-10-18,Witz,"Was tut ein Beamter, der in der Nase bohrt? Er holt das letzte aus sich heraus."
2022-10-19,Tipp,"Ein Zeichen, um LÃ¼gen aufzudecken, sind untypische Sprache und Handbewegungen"
2022-10-20,Fun Fact ,"Bei MÃ¤nnern wÃ¤chst die Nase die ersten 17 bis 19 Jahre, wÃ¤hrend die Nase bei Frauen bis zu einem Alter von 15 bis 17 Jahren wÃ¤chst."
2022-10-21,Fun Fact ,Die Nasenform wird durch die Stellung der unteren und oberen seitlichen Knorpel und Nasenbeine bedingt.
2022-10-22,Witz,Warum essen Blondinen keine Bananen? Sie finden den Reisverschluss nicht.
2022-10-23,, 
2022-10-24,Fun Fact,Beim Niesen werden Reizstoffe mit einer Geschwindigkeit von Ã¼ber 160 km/h ausgestoÃŸen
2022-10-25,Witz,Wie bricht man einer Blondine die Nase? Man legt 50â‚¬Euro unter einen Glastisch.
2022-10-26,Fun Fact,Frauen verfÃ¼gen Ã¼ber einen stÃ¤rkeren Geruchssinn als MÃ¤nner.
2022-10-27,Witz,Was bellt und schnÃ¤uzt die Nase? Ein Rotzweiler.
2022-10-28,Fun Fact,Dieser Beitrag wurde am 4. Juli 2022 um 15.00 Uhr erstellt. 
2022-10-29,Vorschlag,"HaferflockenKÃ¤se-Bratlinge 1 Zwiebel in WÃ¼rfel schneiden und mit 250 g Haferfl ocken, 200g KÃ¤se, 250ml Milch und 2 Eier vermengen. Mit Salz, Pfeffer und Paprikapulver abschmecken. Die Masse ca. 20 - 30 Minuten ziehen lassen. Frikadellen formen und in einer Pfanne in etwas Ã–l langsam braun braten. Dazu schmeckt ein gemischter Salat"
2022-10-30,Ferien,
2022-10-31,Ferien,
2022-11-01,Ferien,
2022-11-02,Ferien,
2022-11-03,Ferien,
2022-11-04,Ferien,
2022-11-05,Vorschlag,"20 Maronen einkaufen, an der flachen Unterseite leicht ein Kreuz einschneiden und 5 Minuten in warmes Wasser legen. Danach 15 Minuten im Backofen bei 200Â°C backen, herausholen, abkÃ¼hlen und genieÃŸen"
2022-11-06,,
2022-11-07,Quiz,"Um welches MÃ¤rchen geht es im November? VervollstÃ¤ndige folgendes Zitat und du findest es heraus: â€Ach, wie gut, dass niemand weiÃŸ, dass ich â€¦ heiÃŸ Antwort: Rumpelstilzchen "
2022-11-08,Tipp," Der Name Rumpelstilzchen deutet auf einen kleinwÃ¼chsigen DÃ¤mon, einen â€Stilzâ€œ hin, der auf seinem einem Bein wie auf einer Stelze oder StÃ¼tze steht. "
2022-11-09,Fun Fact,"in SÃ¼ddeutschland nennt man jemanden, der gerade sehr sauer ist und schreit, Rumpelstilzchen. Kennt ihr ein Rumpelstilzchen? "
2022-11-10,Tipp,"Es gibt ein spezielles Pulver, mit dem man ein Lagerfeuer in verschiedenen Farben leuchten lassen kann. Die sogenannten Feuerfarben sind ganz einfach z.B. bei Amazon zu bestellen. "
2022-11-11,Fun Fact," Die meisten MÃ¤rchen beginnen mit â€Es war einmal â€¦â€œ und enden mit â€Und wenn sie nicht gestorben sind, dann leben sie noch heuteâ€œ. "
2022-11-12,Vorschlag,"Mache mit deinen Freunden ein Lagerfeuer. Hole Holz und lege es in eine Feuerschale, frag deine Eltern, ob sie es dir anzÃ¼nden kÃ¶nnen und mach dir vielleicht noch ein leckeres Stockbrot dazu."
2022-11-13,,
2022-11-14,Witz,Welche SÃ¼ÃŸigkeiten essen BÃ¶sewichte? Schurkolade! 
2022-11-15,Zitat,"â€Heute back ich, morgen brau ich und Ã¼bermorgen hol ich der KÃ¶nigin ihr Kind.â€œ - Rumpelstilzchen "
2022-11-16,Fun Fact,"Die kleinste Frau der Welt ist 0,63 Meter groÃŸ und lebt in Indien."
2022-11-17,Tipp,"Drachensteigen lassen! Einfach einen Drachen schnappen, auf eine windige Wiese gehen und steigen lassen. Macht super viel SpaÃŸ"
2022-11-18,Fun Fact,Die GebrÃ¼der Grimm haben Rumpelstilzchen und 200 weitere MÃ¤rchen geschrieben.
2022-11-19,Vorschlag,"Nimm dir eine Picknickdecke, mach dir einen Tee, fÃ¼ll ihn in eine Thermoskanne, schnapp dir noch ein paar Snacks und mach ein Picknick mit Freunden. Viel SpaÃŸ! "
2022-11-20,,
2022-11-21,Fun Fact,"Der kleinste Mann der Welt ist 0,54 Meter groÃŸ.  "
2022-11-22,Fun Fact,Der derzeitige Feuerschlucker-Weltrekord liegt bei 118 Fackeln in einer Minute. 
2022-11-23,Tipp,Such dir Kastanien und Zahnstocher und bastele dir lustige Kastanientiere.
2022-11-24,Fun Fact,"Es gibt eine Blume, die Rumpelstilzchen heiÃŸt. "
2022-11-25,Witz,Unterhalten sich 2 Kerzen. Sagt die eine zur anderen: â€Ist Wasser eigentlich gefÃ¤hrlich?â€œ Sagt die andere: â€Kannste aber von ausgehen.â€œ  
2022-11-26,Vorschlag,"Mach dir deinen eigenen Tee. Nimm dir 3 BlÃ¤tter Minze, 2 dÃ¼nne Scheiben einer Ingwerknolle, ein paar Tropfen Zitrone und Orange. Gib alles in eine Tasse, koche Wasser und gieÃŸ es in die Tasse. "
2022-11-27,,
2022-11-28,Fun Fact,Es leben ungefÃ¤hr 100.000 KleinwÃ¼chsige in Deutschland
2022-11-29,Fun Fact,"Der November war ursprÃ¼nglich im rÃ¶mischen Kalender der neunte Monat, was man auch im Namen â€novemâ€œ= neun erkennt. "
2022-11-30,Fun Fact,"MÃ¤rchen sind immer gleich aufgebaut, es wird aufgeteilt in Gut und BÃ¶se und es gibt oftmals Fantasiewesen.  "
2022-12-01,Fun Fact,Das MÃ¤rchen â€HÃ¤nsel und Gretelâ€œ hieÃŸ ursprÃ¼nglich â€Roland und May-Bird.â€œ Diesen Monat erfahrt ihr noch mehr Ã¼ber das Geschwisterpaar.
2022-12-02,Witz,Was essen Autos ganz besonders gerne? ParkplÃ¤tzchen.
2022-12-03,Vorschlag,Backe leckere Lebkuchen. Einfach QR-Code scannen und los gehtâ€™s.
2022-12-04,,
2022-12-05,Zitat,"â€Knusper, Knusper, KnÃ¤uschen, wer knuspert an meinem HÃ¤uschen?â€œ â€“ die Hexe aus HÃ¤nsel und Gretel"
2022-12-06,Witz,Was ist das Gegenteil von Reformhaus? Reh hinterm Haus.
2022-12-07,Vorschlag,HÃ¤nsel und Gretel (1987)
2022-12-08,Fun Fact,Der Alkoholkonsum der Deutschen steigt im Dezember um rund 36%.
2022-12-09,Witz,Was macht ein Clown im BÃ¼ro? Faxen.
2022-12-10,Vorschlag,"Wenn ihr jetzt schon die ersten Lebkuchen gebacken habt, mÃ¼sst ihr nur noch ein Lebkuchenhaus basteln."
2022-12-11,,
2022-12-12,Zitat,"â€Der Wind, der Wind, das himmlische Kind.â€œ - HÃ¤nsel und Gretel"
2022-12-13,Witz,"Sagt eine Blondine zur anderen: Dieses Jahr fÃ¤llt Weihnachten auf einen Freitag. Sagt die andere: Oh, dann hoffentlich nicht auf einen 13."
2022-12-14,Vorschlag,A Christmas Prince (2017)
2022-12-15,Fun Fact,In Australien ist Weihnachten im Sommer.
2022-12-16,Witz,Was machen Mathematiker im Garten? Wurzeln ziehen.
2022-12-17,Vorschlag,Bis Weihnachten ist es nicht mehr weit. Fang jetzt an und backe dir Friesenkekse.
2022-12-18,,
2022-12-19,Fun Fact,"HÃ¤nsel und Gretel basiert auf einem wahren Hintergrund. Der Vater und die Mutter hatten zu wenig Essen und Trinken fÃ¼r sich und ihre Kinder, deshalb beschlieÃŸt die Mutter, ihre Kinder im Wald auszusetzen."
2022-12-20,Witz,"Egal wie gut du schlÃ¤fst, Albert schlÃ¤ft wie Einstein."
2022-12-21,Vorschlag,Der Grinch (2018)
2022-12-22,Zitat,"â€Warte, wenn der Mond aufgeht, dann sehe ich die BrÃ¶cklein Brot, die ich ausgestreut habe, die zeigen uns den Weg nach Hause.â€œ â€“ HÃ¤nsel und Gretel"
2022-12-23,Witz,"Wie nennt man einen Keks, der unter einem Baum liegt? Ein schattiges PlÃ¤tzchen."
2022-12-24,Ferien,
2022-12-25,Ferien,
2022-12-26,Ferien,
2022-12-27,Ferien,
2022-12-28,Ferien,
2022-12-29,Ferien,
2022-12-30,Ferien,
2022-12-31,Ferien,
2023-01-01,Ferien,
2023-01-02,Ferien,
2023-01-03,Ferien,
2023-01-04,Tipp,Jedes Jahr am 4.1. findet das dritte Springen der Vierschanzentournee im Skispringen auf der Bergiselschanze in Innsbruck statt.
2023-01-05,Zitat,"â€Es kommt alles zurÃ¼ck. Das Gute, das BÃ¶se. Das Pech und das GlÃ¼ck. Es kommt alles zurÃ¼ck.â€œ ~ Frau Holle"
2023-01-06,Fun Fact,Die Blume des Januars ist die Nelke.
2023-01-07,,
2023-01-08,,
2023-01-09,Witz,"Wenn es Frau Holle wirklich gibt und das Wetter auf ihre Kappe geht, dann rate ich ihr, dringend zum Therapeuten zu gehen."
2023-01-10,,
2023-01-11,Tipp,"Wintersport wie beispielsweise Langlaufen hilft nicht nur beim Stressabbau, sondern macht auch sehr viel SpaÃŸ. ProbierÂ´s mal aus!"
2023-01-12,Zitat,"â€Die LÃ¼ge ist wie ein Schneeball: je lÃ¤nger man ihn rollt, desto grÃ¶ÃŸer wird er.â€œ ~ Martin Luther"
2023-01-13,Fun Fact,Frau Holle steht an Stelle 24 in den Kinder- und HausmÃ¤rchen der GebrÃ¼der Grimm.
2023-01-14,Vorschlag,James Bond 007 â€“ Im Geheimdienst Ihrer MajestÃ¤t (1969): Von den Schweizer Alpen aus plant der Oberschurke Blofeld die bakterielle Verseuchung der Erde. Gemeinsam mit der schÃ¶nen Tracy nimmt Bond gegen Blofelds schwerbewachte Festung in den Alpen den Kampf auf.
2023-01-15,,
2023-01-16,Witz,"Was ist der Unterschied zwischen Schnee und einem BÃ¤cker? Der Schnee kann liegen bleiben, der BÃ¤cker nicht."
2023-01-17,,
2023-01-18,Fun Fact,"GewÃ¼rze wie Chili, Zimt und vor allem Ingwer verbessern die WÃ¤rmeverteilung im KÃ¶rper, wodurch man im Winter schneller wieder aufwÃ¤rmt."
2023-01-19,Witz,"â€Es gibt kein schlechtes Wetter, es gibt nur falsche Kleidung.â€œ"
2023-01-20,Fun Fact,"Frau Holle ist eine der wenigen Ã¤lteren Frauen, die in MÃ¤rchen positiv dargestellt wird."
2023-01-21,Vorschlag,"HeiÃŸe Schokolade: 130ml Milch und 30ml Sahne in einem Topf erhitzen und das Mark aus einer Â¼ Vanilleschote, Â½ Messerspitze Kardamom, 15g Zucker und 15g Kakaopulver dazu geben. In der Zwischenzeit 50g Schokolade grob hacken und unter stÃ¤ndigem RÃ¼hren im Topf schmelzen lassen. Die heiÃŸe Schokolade in Tassen fÃ¼llen und mit einer Handvoll Marshmallows und Schokoraspeln dekorieren."
2023-01-22,,
2023-01-23,Witz,Diesen Winter habe ich mir zwei Schneeschippen gekauft. Ich paarschippe jetzt.
2023-01-24,,
2023-01-25,Funfact,"Heute vor 99 Jahren begann in Chamonix â€“ Mont Blanc (Frankreich) die â€Internationale Wintersportwocheâ€œ, der erst im Nachhinein der Titel â€1. Olympische Winterspieleâ€œ zugesprochen wurde."
2023-01-26,Zitat,â€Kikerikiâ€¦unsere goldene Jungfrau ist wieder hi.â€œ ~ Hahn im MÃ¤rchen Frau Holle
2023-01-27,Fun Fact,Frau Holle wird auf Zeichnungen schon sehr lange mit Kopftuch dargestellt.
2023-01-28,Vorschlag,"Mord im Orient Express (2017): Ein heftiger Schneesturm zwingt den Orient Express zum Anhalten, als das Zugpersonal die Leiche des HÃ¤ndlers Mr. Ratchett entdeckt. Kann der mitreisende Meisterdetektiv Hercule Poirot den Fall lÃ¶sen, bevor der MÃ¶rder wieder zuschlÃ¤gt? Ein spannender Krimi, basierend auf Agatha Christies gleichnamigem Roman."
2023-01-29,,
2023-01-30,Witz,HÃ¤schen zum Schneemann: â€MÃ¶hre her oder ich fÃ¶hn dich!â€œ
2023-01-31,,
2023-02-01,Fun Fact,"Diesen Monat dreht sich alles um Schneewittchen, die mit 14 Jahren die jÃ¼ngste Disney- Prinzesssin ist"
2023-02-02,Zitat,"""Man ist nie zu alt, um jung zu sein"" - Film Schneewittchen und die 7 Zwerge"
2023-02-03,Quiz ,"Auf welche Weise erweckt der Prinz Schneewittchen wieder zum Leben? A) durch eine Tasse Kaffe , B)durch einen Knall, C)  durch einen Kuss    Antwort: C"
2023-02-04,Tipp," Geht zum Eisplatz am Waldsee Lindenberg, dort ist jeden Freitag von 17:30 - 19:00 Uhr Eisdisco mit cooler Musik. Ganz viel SpaÃŸ!"
2023-02-05,,
2023-02-06,Witz,Was ist rot und fliegt?- Ein Schneeball  mit Sonnenbrand
2023-02-07,Quiz ,In welchem Jahr kann der Film Schneewittchen heraus? A) 1950 B) 1941 C) 1998 Antwort: B
2023-02-08,Fun Fact,"Schneewittchen hat das Sternzeichen Jungfrau: ordentlich, zuverlÃ¤ssig und diszipliniert"
2023-02-09,Zitat,"""Haut so weiÃŸ wie Schnee, Lippen so rot wie Blt, Haare so schwarz wie Ebenholz."" Schneewittchen"
2023-02-10,Witz ,"Ein Schneemann sagt zum anderen: ""Lustig, ich riechÂ´auch Karotten."""
2023-02-11,Vorschlag,"250g Mehl, ein Ei, 100g Zucker, eine Prise Salz und etwas Fett in einer groÃŸen SchlÃ¼ssel zusammenrÃ¼hren,dann goldbraun in einem Waffeleisen backen und genieÃŸen"
2023-02-12,,
2023-02-13,Witz ,Was hÃ¼pft durch den Schnee und ist schwarz und weiÃŸ? - Ein Springuin
2023-02-14,Tipp,"Pancakes in Herzform backen, denn heute ist Valentinstag. Alles Liebe!"
2023-02-15,Quiz ,Von wem stammt das MÃ¤rchen Schneewittchen? A) GebrÃ¼der Grimm B) Astrid Lindgren C) Hans-Christian Andersen
2023-02-16,Zitat,"""Na, da sind die sieben kleine StÃ¼hle ! Das mÃ¼ssen sieben kleine Kinder sein."""
2023-02-17,Fun Fact,Es gibt ein Parfum von Schneewittchen. Nach was das wohl riecht?
2023-02-18,Vorschlag,Einfach eine alte PlastiktÃ¼te nehmen und rodeln gehen. Geht super schnell und ist ganz einfach.
2023-02-19,Ferien,
2023-02-20,Ferien,
2023-02-21,Ferien,
2023-02-22,Ferien,
2023-02-23,Ferien,
2023-02-24,Ferien,
2023-02-25,Tipp,Am HÃ¼ndle in Oberstaufen kann man im Winter Reifen ausleihen und runter rodeln.
2023-02-26,,
2023-02-27,Witz ,Niemals gelben Schnee essen
2023-02-28,Fun Fact,"Die Moral des MÃ¤rchens Schneewittchen ist, dass Eitelkeit Ã¼bel endet und sich das Gute immer durchsetzt"
2023-03-01,Quiz ,"Aus welchem MÃ¤rchen stammt folgendes Zitat? â€Ei, GroÃŸmutter, was hast du fÃ¼r eine groÃŸe Nase!â€œ Antwort: RotkÃ¤ppchen, das MÃ¤rchen der Monats MÃ¤rz."
2023-03-02,Fun Fact,RotkÃ¤ppchen ist ein deutsches MÃ¤rchen.
2023-03-03,Fun Fact,Der Wolf (Canis lupus) ist das grÃ¶ÃŸte Raubtier aus der Familie der Hunde (Canidae).
2023-03-04,Rezept,Probiert mal eine leckere RotkÃ¤ppchen-Torte. Viel SpaÃŸ beim Nachbacken.
2023-03-05,,
2023-03-06,Witz ,"Was ist braun, knusprig und spaziert durch den Wald? BrotkÃ¤ppchen"
2023-03-07,Quiz ,"Was hat RotkÃ¤ppchen bei sich? A) einen Koffer, B) ihre Schultasche, C) einen Korb Antwort: C) einen Korb"
2023-03-08,Fun Fact,RotkÃ¤ppchen erschien 1812 im Ersten Band der Kinder- und HausmÃ¤rchen von Jacob und Wilhelm Grimm.
2023-03-09,Zitat,"â€Ei, GroÃŸmutter, was hast du fÃ¼r groÃŸe Ohren!â€œ â€“ â€Dass ich dich besser hÃ¶ren kann!â€œ - RotkÃ¤ppchen"
2023-03-10,Fun Fact,Von allen SÃ¤ugetieren hatte der Wolf ursprÃ¼nglich das weltweit grÃ¶ÃŸte Verbreitungsgebiet.
2023-03-11,Witz ,Was ist gefÃ¤hrlich? Niesen bei Durchfall. ğŸ˜Š
2023-03-12,Fun Fact, heute hat Sebastian Geburtstag
2023-03-13,Witz ,"â€Verzeihung, nach RotkÃ¤ppchen muss ich immer aufstoÃŸen.â€œ"
2023-03-14,Quiz ,"Was pflÃ¼ckt RotkÃ¤ppchen im Wald? A) Blumen, B) KrÃ¤uter, C) Beeren Antwort: A) Blumen"
2023-03-15,Fun Fact,Die BrÃ¼der Grimm haben ab 1806 von Kassel aus mit dem Sammeln von MÃ¤rchen begonnen
2023-03-16,Zitat,"â€Ei, GroÃŸmutter, was hast du fÃ¼r groÃŸe Augen!â€œ â€“ â€Dass ich dich besser sehen kann!â€œ - RotkÃ¤ppchen"
2023-03-17,Fun Fact,Die Handexemplare der â€Kinder- und HausmÃ¤rchenâ€œ der BrÃ¼der Grimm wurden 2005 ins UNESCO-Weltdokumentenerbe aufgenommen.
2023-03-18,Vorschlag,"Ein BrÃ¶tchen aufschneiden. Ein knusprig gebratenes Schnitzel nehmen, Ketchup oder Senf darauf tun und ins BrÃ¶tchen legen. Nach Belieben auch Salat oder Tomaten hinzufÃ¼gen."
2023-03-19,,
2023-03-20,Witz ,Was ist grau und springt durch den Wald? â€“ Ein Jumpignon!
2023-03-21,Quiz ,"Wen trifft RotkÃ¤ppchen im Wald? A) Sponge Bob, B) einen Wolf, C) eine Freundin Antwort: B) den (bÃ¶sen) Wolf"
2023-03-22,Fun Fact,"RotkÃ¤ppchen ist bekannt durch die GebrÃ¼dern Grimm, allerdings schrieb Charles Perraut 100 Jahre davor bereits diese Geschichte."
2023-03-23,Zitat,"â€Ei, GroÃŸmutter, was hast du fÃ¼r groÃŸe HÃ¤nde!â€œ â€“ â€Dass ich dich besser packen kann!â€œ - RotkÃ¤ppchen"
2023-03-24,Fun Fact,"In freier Wildbahn kÃ¶nnen WÃ¶lfe 8 bis 15 Jahre alt werden, in Gefangenschaft bis zu 20 Jahre."
2023-03-25,Rezept,"Schokopudding: Zutaten: 100g Zartbitterschokolade (50 % Kakaoanteil), 500ml Milch, 35g SpeisestÃ¤rke, 2El Kakaopulver, 50g Zucker Zubereitung: Schokolade grob hacken. 350 ml Milch in einem Topf erwÃ¤rmen. Die HÃ¤lfte der Schokolade zugeben und unter RÃ¼hren schmelzen. Die restliche Milch mit StÃ¤rke, Kakao und Zucker mit dem Schneebesen klÃ¼mpchenfrei verrÃ¼hren. Schokoladenmilch unter RÃ¼hren zum Kochen bringen. Kakao-StÃ¤rke-Mischung einrÃ¼hren, aufkochen und 1 Min. kochen. HeiÃŸen Pudding in 4 Tassen fÃ¼llen (Inhalt ca. 150 ml), mit Klarsichtfolie abdecken und kaltstellen."
2023-03-26,,
2023-03-27,Witz ,"Vater zum Sohn: â€Wie eine 6 in Deutsch? Hab doch geÃ¼bt mit du."""
2023-03-28,Quiz ,"Wer rettet RotkÃ¤ppchen und ihre GroÃŸmutter? A) ein FÃ¶rster, B) die Mutter, C) ein JÃ¤ger Antwort: C) ein JÃ¤ger"
2023-03-29,Fun Fact,RotkÃ¤ppchen ist ein MÃ¤dchen zwischen acht und fÃ¼nfzehn Jahren.
2023-03-30,Quiz ,"Wen geht RotkÃ¤ppchen besuchen? A) den Kasper, B) die Oma, C) ihre Tante Antwort: B) die Oma"
2023-03-31,Fun Fact,Die heute bekannten Versionen vieler MÃ¤rchen sind gekÃ¼rzt und weniger gewaltsam als ihr Original.
2023-04-01,Fun Fact,Der volle Name des MÃ¤rchens der FroschkÃ¶nig lautet: â€Der FroschkÃ¶nig oder der eiserne Heinrichâ€œ. Dieses MÃ¤rchen begleitet euch im Monat April. Aber jetzt erstmal schÃ¶ne Osterferien.
2023-04-02,Fun Fact,
2023-04-03,Ferien,
2023-04-04,Ferien,
2023-04-05,Ferien,
2023-04-06,Ferien,
2023-04-07,Ferien,
2023-04-08,Ferien,
2023-04-09,Ferien,
2023-04-10,Ferien,
2023-04-11,Ferien,
2023-04-12,Ferien,
2023-04-13,Ferien,
2023-04-14,Ferien,
2023-04-15,,
2023-04-16,,
2023-04-17,Fun Fact,Pepe der Frosch ist eine Figur aus dem amerikanischen Webcomic â€Boyâ€˜s Clubâ€œ.
2023-04-18,Witz,"Sitzen zwei FrÃ¶sche am Teich, als es zum Regnen anfÃ¤ngt. Da sagt der eine zum anderen: â€Komm wir springen ins Wasser, sonst werden wir noch nass!â€œ"
2023-04-19,Tipp,"Verspreche lieber nichts, wenn du dein Wort nicht halten kannst."
2023-04-20,Fun Fact,"In Frankreich, der Westschweiz, Belgien, Luxemburg, Portugal, Louisiana und der Karibik ist es Ã¼blich, FrÃ¶sche zu essen."
2023-04-21,Nice to know,Der tiefste Brunnen der Welt ist 197m tief und befi ndet sich auf der Burg Regenstein.
2023-04-22,Vorschlag,Der FroschkÃ¶nig (2008): Der deutsche MÃ¤rchenfilm hat das MÃ¤rchen auf besondere Art und Weise interpretiert. Und er dauert nur eine Stunde. Probiere den Film mal aus.
2023-04-23,,
2023-04-24,Fun Fact,"Am Trevi-Brunnen in Rom landen jeden Tag knapp 4000 Euro in Form von MÃ¼nzen im Wasser. Man sagt, wenn man Geld in den Brunnen wirft, geht ein Wunsch in ErfÃ¼llung."
2023-04-25,Tipp,"Kennst du das Videospiel Frogger? Es geht um einen kleinen Frosch, der versucht, heil Ã¼ber die StraÃŸe zu kommen. Online gibt es viele kostenfreie Angebote. Viel SpaÃŸ!"
2023-04-26,Fun Fact,In manchen Versionen des MÃ¤rchens â€FroschkÃ¶nigâ€œ kÃ¼sst die Prinzessin den Frosch gar nicht.
2023-04-27,Witz,Was isst ein Frosch am liebsten? Quark!
2023-04-28,Fun Fact,"FrÃ¶sche mÃ¼ssen nicht trinken, nehmen aber Ã¼ber ihre Haut FlÃ¼ssigkeit auf."
2023-04-29,Vorschlag,"Waldmeistertee: Zutaten: 250ml Wasser, 2 TeelÃ¶ffel Waldmeisterkraut Zubereitung: GieÃŸe Waldmeisterkraut mit heiÃŸem Wasser auf. Warte ca. 30 Min., dann ist dein Tee fertig und hat eine schÃ¶ne grÃ¼ne Farbe."
2023-04-30,,
2023-05-01,Witz,"Mein Vorbild auf ewig: DornrÃ¶schen. Kann nichts, schlÃ¤ft 100 Jahre, wacht auf und wird KÃ¶nigin."
2023-05-02,,
2023-05-03,Fun Fact,Heute vor 529 Jahren hat Christoph Kolumbus auf seiner zweiten Reiseals erster EuropÃ¤er die Karibikinsel Jamaika entdeckt.
2023-05-04,Zitat,"â€They say if you dream a thing more than once, it's sure to come true.â€œ ~Sleeping Beauty"
2023-05-05,Fun Fact,"Der Mai ist der Monat, in welchem die meisten Tornados in Amerika stattfindet."
2023-05-06,Tipp,"Maleficent - Ein Film Ã¼ber die BÃ¶se Fee von DornrÃ¶schen, schaut mal rein. "
2023-05-07,Tipp ,"Maleficent - Ein Film Ã¼ber die BÃ¶se Fee von DornrÃ¶schen, schaut mal rein. "
2023-05-08,Witz,"Das unrealistischste an DornrÃ¶schen ist ja, dass der Prinz sie nach 100 Jahren auf den Mund kÃ¼sst."
2023-05-09,,
2023-05-10,Fun Fact ,Die ideale Temperatur im Schlafzimmer zum Einschlafen liegt zwischen 16 und 18 Grad Celcius. Probiere es mal aus!
2023-05-11,Zitat,"â€Warum etwas sagen, wenn man es singen kannâ€œ ~ Walt Disney "
2023-05-12,Fun Fact,"Nach Dumbo ist Aurora die Disney-Hauptfigur, die am wenigsten spricht."
2023-05-13,Tipp,Das perfekte Muttertags-Geschenk : Rosen aus Papier basteln und Verschenken.
2023-05-14,Tipp ,Heute ist Muttertag!
2023-05-15,Witz,"Alle schlafen einer spricht, dieses nennt man Unterricht. "
2023-05-16,,
2023-05-17,Fun Fact,"Heute vor 162 Jahren, hat der schottische Physiker James Clerk Maxwell das erste Farbfoto vorgefÃ¼hrt. "
2023-05-18,Zitat,"â€Vielfalt ist unsere StÃ¤rke. Wie langweilig und unnÃ¼tz wÃ¤re das Leben, wenn alle gleich wÃ¤ren.â€œ ~ Angelina Jolie, Schauspielerin"
2023-05-19,Fun Fact ,"Der Prinz von DornrÃ¶schen wurde nach dem Ehemann von KÃ¶nigin Elizabeth ll., Prince Philip Herzog von Edingburgh benannt. "
2023-05-20,Tipp,"Das Geheimnis der dunklen Fee- Hier erfÃ¤hrst du, wie die Dunkle Fee Maleficent zum BÃ¶sewicht geworden ist. Viel SpaÃŸ beim Nachlesen."
2023-05-21,Tipp,"Das Geheimnis der dunklen Fee- Hier erfÃ¤hrst du, wie die Dunkle Fee Maleficent zum BÃ¶sewicht geworden ist. Viel SpaÃŸ beim Nachlesen."
2023-05-22,Witz,Warum lassen Blondinen das Gartentor offenstehen? - Damit die Rosen frische Luft bekommen. 
2023-05-23,,
2023-05-24,Tipp,"Obwohl Schnarchen fÃ¼r die meisten Menschen harmlos sein dÃ¼rfte, kÃ¶nnte es ein Hinweis auf eine lebensbedrohende SchlafstÃ¶rung namens Schlafapnoe-Syndrom sein. "
2023-05-25,Zitat,"â€Der Schlaf ist die Nabelschnur, durch die das Individuum mit dem Weltall zusammenhÃ¤ngtâ€œ ~ Friedrich Habbel, Dramatiker "
2023-05-26,Fun Fact,"Wusstest du, dass Obstpflanzen wie Erdbeeren, Himbeeren und Pflaumen zur Familie der RosengewÃ¤chse gehÃ¶ren? Wir bislang auch nicht."
2023-05-27,Tipp ,"Rosenlimonade: Eine halbe Zitrone heiÃŸ abspÃ¼hlen und in Scheiben schneiden. In 250 ml Wasser legen und mit 250g Zucker aufkochen. 2-3 Minuten kÃ¶cheln lassen, bis ein Sirup entstanden ist. Den Sirup vom Herd ziehen und abkÃ¼hlen lassen. 2-3  RosenblÃ¤tter in den kalten Sirup legen und abdecken. An einem kÃ¼hlen Ort 5-7 Tage ziehen lassen. Danach durch ein Sieb gieÃŸen uns in eine heiÃŸ ausgespÃ¼lte Flasche fÃ¼llen. Den Sirup bis zum Verwenden kÃ¼hlen. Lasst es euch schmecken."
2023-05-28,Tipp,"Rosenlimonade: Eine halbe Zitrone heiÃŸ abspÃ¼hlen und in Scheiben schneiden. In 250 ml Wasser legen und mit 250g Zucker aufkochen. 2-3 Minuten kÃ¶cheln lassen, bis ein Sirup entstanden ist. Den Sirup vom Herd ziehen und abkÃ¼hlen lassen. 2-3  RosenblÃ¤tter in den kalten Sirup legen und abdecken. An einem kÃ¼hlen Ort 5-7 Tage ziehen lassen. Danach durch ein Sieb gieÃŸen uns in eine heiÃŸ ausgespÃ¼lte Flasche fÃ¼llen. Den Sirup bis zum Verwenden kÃ¼hlen. Lasst es euch schmecken."
2023-05-29,Witz ,"DornrÃ¶schen im Laden: â€Darf ich das Kleid im Schaufenster probieren?â€œ - VerkÃ¤ufer: â€Nein, bitte nur in der Umkleideâ€œ"
2023-05-30,Ferien,
2023-05-31,Ferien,
2023-06-01,Ferien,
2023-06-02,Ferien,
2023-06-03,Vorschlag,"Erdbeer-Bananen-Smoothie Zutaten: 2 Bananen, 15 Erdbeeren, 150g Naturjoghurt, 50 ml Milch Zubereitung: Alles in einem MixgerÃ¤t mixen und genieÃŸen."
2023-06-04,Ferien,
2023-06-05,Ferien,
2023-06-06,Ferien,
2023-06-07,Ferien,
2023-06-08,Ferien,
2023-06-09,Ferien,
2023-06-10,Vorschlag,"WeiÃŸe Schuhe bringt man mit Zahnpasta wieder zum GlÃ¤nzen. Einfach einen kleinen Klecks auf eine alte, angefeuchtete ZahnbÃ¼rste geben. Damit in kleinen Kreisbewegungen die Schuhe abbÃ¼rsten, den restlichen Schaum anschlieÃŸend mit einem Handtuch abtupfen. Probierâ€˜s doch gleich mal aus ğŸ˜Š."
2023-06-11,,
2023-06-12,Fun Fact,Cinderella gilt als eines der schÃ¶nsten und berÃ¼hmtesten MÃ¤dchen der Welt. Freut euch diesen Monat Ã¼ber viel Interessantes rund um das MÃ¤rchen Cinderella
2023-06-13,Fun Fact,"Aschenputtel ist im englischsprachigen Raum als â€Cinderellaâ€œ, im franzÃ¶sischen Raum als â€Cendrillonâ€œ und im italienischen Raum als â€Cenerentolaâ€œ bekannt."
2023-06-14,Zitat,â€FÃ¼r mich gibt es nur einen Trost. Das TrÃ¤umen kann man mir wenigstens nicht verbieten.â€œ ~ Cinderella
2023-06-15,Fun Fact," Cinderella ist die erste Disney-Prinzessin, die nicht kÃ¶niglichen Blutes ist."
2023-06-16,Zitat,"â€Wo Freundlichkeit herrscht, gibt es GÃ¼te, und wo es GÃ¼te gibt, da ist auch Magie.â€œ ~ Cinderella"
2023-06-17,Vorschlag,"Tortellini Cinderella
FÃ¼r 2 Personen brauchst du 1 Liter BrÃ¼he, 125 g Tortellini, 1 Knoblauchzehe, 1 Becher CrÃ¨me fraÃ®che, 2 EL Milch, 100g Kochschinken und 1 Bund Schnittlauch. FÃ¼r die Zubereitung einfach Code scannen und loslegen."
2023-06-18,,
2023-06-19,Vorschlag,"Heute hat Manuel Geburtstag."
2023-06-20,Quiz,"Cinderella ist ganz schÃ¶n alt fÃ¼r eine Disney-Prinzessin. Wie alt ist sie? Antwort: Sie ist wÃ¤hrend der Ereignisse der Geschichte 19 Jahre alt."
2023-06-21,Tipp,Tipp: Die neue â€Cinderellaâ€œ bei Amazon Prime ansehen. Es lohnt sich. ğŸ˜Š
2023-06-22,Rezept,"Cinderella-Cocktail â€“ 2cl Orangensaft, 2cl Limettensaft und 2cl Ananassaft in einem Shaker vermischen und gut schÃ¼tteln. Fertig! "
2023-06-23,Witz,Mozart + Cinderella = Mozarella
2023-06-24,,
2023-06-25,,
2023-06-26,Witz ,"Meine Tochter wollte eine Cinderella-Party, so lud ich all ihre Freunde zum Putzen ein."
2023-06-27,Quiz,"Um wie viel Uhr muss Cinderella ihren Prinzen verlassen?
A) 12:00 Uhr, B) 13:00 Uhr, C) 00:00 Uhr
Antwort: C) Um Punkt Mitternacht."
2023-06-28,Zitat, Wunder brauchen ein bisschen Zeit.â€œ ~ Cinderella
2023-06-29,Fun Fact,SchÃ¤tzungen zufolge leben etwa 7-13 % aller Familien in Deutschland in einem Patchworksystem.
2023-06-30,Quiz,"Woraus zaubert die gute Fee Cinderellas Kutsche? A) Apfel, B) Birne, C) KÃ¼rbis. Antwort C) KÃ¼rbis "
2023-07-01,,
2023-07-02,,
2023-07-03,Witz,Warum war Rapunzel eine Blondine? Weil alle anderen die TÃ¼re aufgemacht hÃ¤tten.
2023-07-04,Fun Fact,Rapunzel war der teuerste Animationsfilm aller Zeiten.
2023-07-05,Fun Fact,Welcher ist der hÃ¶chste Turm der Welt? â€“ Der Burj Khalifa in Dubai mit 828m.
2023-07-06,Quiz," Wer hat Rapunzels Haare abgeschnitten? Antwort: A) Peter, B) George, C) Flynn."
2023-07-07,Zitat, â€Hope is the only thing stronger than fear.â€œ â€“ Rapunzel.
2023-07-08,,
2023-07-09,,
2023-07-10,Zitat,Â â€Oh well. CÂ´est la vie.â€œ â€“ Rapunzel.
2023-07-11,Fun Fact,"Die lÃ¤ngsten Haare der Welt sind 5,62m."
2023-07-12,Fun Fact,"Es gibt eine Bio-Lebensmittelmarke, die Rapunzel heiÃŸt."
2023-07-13,,
2023-07-14,Zitat,â€Lass deine Kraft leuchten.â€œ â€“ Rapunzel.
2023-07-15,,
2023-07-16,,
2023-07-17,Witz,Was sagt der KÃ¶nigssohn im HÃ¶rbuch von Rapunzel? Rapunzel lad dein Haar herunter. ğŸ˜Š
2023-07-18,Fun Fact,Das erste Rapunzel-Buch erschien 1812.
2023-07-19,Fun Fact,Ich dachte heute hÃ¤tte Manuel geburtstag (es war falsch)
2023-07-20,,
2023-07-21,Zitat,"â€Und die Sache ist, ich habâ€˜ keine Angst mehr.â€œ â€“ Rapunzel."
2023-07-22,,
2023-07-23,,
2023-07-24,Witz, Kommt ein Pferd in eine Bar. Fragt der Barkeeper: â€Warum machst du denn so ein langes Gesicht?â€œ
2023-07-25,Fun Fact,Die Ã¤lteste Frau der Welt wurde 122 Jahre alt.
2023-07-26,,
2023-07-27,,
2023-07-28,Zitat,â€Wie jeder habe ich auch einen Traum.â€œ â€“ Rapunzel
2023-07-29,,
2023-07-30,,
2023-07-31,Fun Fact, ChamÃ¤leons (wie das im MÃ¤rchen Rapunzel) haben Augen am Hinterkopf.
2023-08-01,Ferien,
2023-08-02,Ferien,
2023-08-03,Ferien,
2023-08-04,Ferien,
2023-08-05,Ferien,
2023-08-06,Ferien,
2023-08-07,Ferien,
2023-08-08,Ferien,
2023-08-09,Ferien,
2023-08-10,Ferien,
2023-08-11,Ferien,
2023-08-12,Ferien,
2023-08-13,Ferien,
2023-08-14,Ferien,
2023-08-15,Ferien,
2023-08-16,Ferien,
2023-08-17,Ferien,
2023-08-18,Ferien,
2023-08-19,Ferien,
2023-08-20,Ferien,
2023-08-21,Ferien,
2023-08-22,Ferien,
2023-08-23,Ferien,
2023-08-24,Ferien,
2023-08-25,Ferien,
2023-08-26,Ferien,
2023-08-27,Ferien,
2023-08-28,Ferien,
2023-08-29,Ferien,
2023-08-30,Ferien,
2023-08-31,Ferien,
2023-09-01,Ferien,
2023-09-02,Ferien,
2023-09-03,Ferien,
2023-09-04,Ferien,
2023-09-05,Ferien,
2023-09-06,Ferien,
2023-09-07,Ferien,
2023-09-08,Ferien,
2023-09-09,Ferien,
2023-09-10,Ferien,
2023-09-11,Ferien,